{
  "en": { 
    "welcome": "Welcome to the mortgage loan calculator!\n",
    "principal": "What is the amount of the loan?",
    "interestRate": "What is the interest rate/APR? (Example: Enter 5.75% as 5.75)",
    "loanLength": "What is the loan length in years? (Example: 4 for 4 years.  5.5 for 5 years 6 months)",
    "invalidNumber": "That is not a valid number, enter a valid number.",
    "invalidLoanTerm": "Loan length must be a valid number and greater than 0, enter a valid number of years",
    "runAgain":"If you would like to run the mortgage calculator program again (y/n)?",
    "result": "The monthly payment would be: $",
    "yes": "y",
    "no": "n"
  },
  "fr": { 
    "welcome": "Bienvenue sur le calculateur de prêt hypothécaire!\n",
    "principal": "Quel est le montant du prêt?",
    "interestRate": "Quel est le taux d'intérêt/TAP?  (Exemple: entrez 5,75% comme 5.75)",
    "loanLength": "Quelle est la durée du prêt en années? (Exemple : 4 pendant 4 ans. 5.5 pendant 5 ans 6 mois)",
    "invalidNumber": "Ce n'est pas un numéro valide, entrez un numéro valide.",
    "invalidLoanTerm": "La durée du prêt doit être un nombre valide et supérieur à 0, entrez un nombre d'années valide",
    "runAgain":"Si vous souhaitez relancer le programme de calcul d'hypothèque (o/n)?",
    "result": "La mensualité serait: $",
    "yes": "o",
    "no": "n"
  },
  "default": { 
    "welcome": "Welcome to the mortgage loan calculator!\n",
    "principal": "What is the amount of the loan?",
    "interestRate": "What is the interest rate/APR? (Example: Enter 5.75% as 5.75)",
    "loanLength": "What is the loan length in years? (Example: 4 for 4 years.  5.5 for 5 years 6 months)",
    "invalidNumber": "That is not a valid number, enter a valid number.",
    "invalidLoanTerm": "Loan length must be a valid number and greater than 0, enter a valid number of years",
    "runAgain":"If you would like to run the mortgage calculator program again (y/n)?",
    "result": "The monthly payment would be: $",
    "yes": "y",
    "no": "n"
  }
}